[{"id":"6285721670655@s.whatsapp.net","copperore":0},{"id":"6285725766522@s.whatsapp.net","copperore":0},{"id":"6285772148224@s.whatsapp.net","copperore":0},{"id":"6285866034212@s.whatsapp.net","copperore":0},{"id":"6285520760415@s.whatsapp.net","copperore":0},{"id":"6288212515218@s.whatsapp.net","copperore":0},{"id":"6283899540325@s.whatsapp.net","copperore":0},{"id":"6281368098621@s.whatsapp.net","copperore":0},{"id":"6285725917791@s.whatsapp.net","copperore":0},{"id":"6282170812507@s.whatsapp.net","copperore":0},{"id":"62887437520911@s.whatsapp.net","copperore":0},{"id":"62881027126459@s.whatsapp.net","copperore":0},{"id":"6289669130459@s.whatsapp.net","copperore":0},{"id":"6281248026599@s.whatsapp.net","copperore":0},{"id":"6282250945705@s.whatsapp.net","copperore":0},{"id":"6289636250314@s.whatsapp.net","copperore":0},{"id":"6281332240188@s.whatsapp.net","copperore":0},{"id":"62895630651410@s.whatsapp.net","copperore":0},{"id":"6281277321960@s.whatsapp.net","copperore":0},{"id":"923458616956@s.whatsapp.net","copperore":0},{"id":"6283195148985@s.whatsapp.net","copperore":0},{"id":"6282269461390@s.whatsapp.net","copperore":0},{"id":"6289606934413@s.whatsapp.net","copperore":0},{"id":"6285759669252@s.whatsapp.net","copperore":0},{"id":"6289516232707@s.whatsapp.net","copperore":0},{"id":"6281945431822@s.whatsapp.net","copperore":0},{"id":"6283135452676@s.whatsapp.net","copperore":0},{"id":"6289669366062@s.whatsapp.net","copperore":0},{"id":"6281275096060@s.whatsapp.net","copperore":0},{"id":"6285850504984@s.whatsapp.net","copperore":0},{"id":"6287702932929@s.whatsapp.net","copperore":0},{"id":"62857111673105@s.whatsapp.net","copperore":0},{"id":"6283151289454@s.whatsapp.net","copperore":0},{"id":"6283190870603@s.whatsapp.net","copperore":0},{"id":"6282188536238@s.whatsapp.net","copperore":0},{"id":"62882008630719@s.whatsapp.net","copperore":0},{"id":"6285864302287@s.whatsapp.net","copperore":0},{"id":"6285732140250@s.whatsapp.net","copperore":0}]