[
  {
    "jid": "6285721670655@s.whatsapp.net",
    "db": [
      {
        "nama": "#menu",
        "count": 1
      }
    ]
  },
  {
    "jid": "6285866034212@s.whatsapp.net",
    "db": [
      {
        "nama": "#menu",
        "count": 17
      },
      {
        "nama": "#sticker",
        "count": 1
      },
      {
        "nama": "#setwelcome",
        "count": 2
      },
      {
        "nama": "#welcome",
        "count": 2
      },
      {
        "nama": "#speed",
        "count": 3
      },
      {
        "nama": "#infobot",
        "count": 1
      },
      {
        "nama": "#fitnah",
        "count": 1
      },
      {
        "nama": "#left",
        "count": 2
      },
      {
        "nama": "#addprem",
        "count": 1
      },
      {
        "nama": "#setleft",
        "count": 1
      }
    ]
  },
  {
    "jid": "6285520760415@s.whatsapp.net",
    "db": [
      {
        "nama": "#sticker",
        "count": 1
      }
    ]
  },
  {
    "jid": "6282170812507@s.whatsapp.net",
    "db": [
      {
        "nama": "#stickerwm",
        "count": 2
      },
      {
        "nama": "#sticker",
        "count": 1
      },
      {
        "nama": "#qc",
        "count": 2
      },
      {
        "nama": "#smeme",
        "count": 1
      }
    ]
  },
  {
    "jid": "6289669130459@s.whatsapp.net",
    "db": [
      {
        "nama": "#qc",
        "count": 1
      }
    ]
  },
  {
    "jid": "6282250945705@s.whatsapp.net",
    "db": [
      {
        "nama": "#qc",
        "count": 1
      },
      {
        "nama": "#sticker",
        "count": 1
      }
    ]
  },
  {
    "jid": "6285725766522@s.whatsapp.net",
    "db": [
      {
        "nama": "#menu",
        "count": 1
      }
    ]
  }
]