[
  {
    "nama": "#menu",
    "count": 19
  },
  {
    "nama": "#sticker",
    "count": 4
  },
  {
    "nama": "#setwelcome",
    "count": 2
  },
  {
    "nama": "#welcome",
    "count": 2
  },
  {
    "nama": "#speed",
    "count": 3
  },
  {
    "nama": "#infobot",
    "count": 1
  },
  {
    "nama": "#fitnah",
    "count": 1
  },
  {
    "nama": "#stickerwm",
    "count": 2
  },
  {
    "nama": "#qc",
    "count": 4
  },
  {
    "nama": "#smeme",
    "count": 1
  },
  {
    "nama": "#left",
    "count": 2
  },
  {
    "nama": "#addprem",
    "count": 1
  },
  {
    "nama": "#setleft",
    "count": 1
  }
]